{"assets/images/credit-cards.png":["assets/images/credit-cards.png"],"assets/images/finish_marker.png":["assets/images/finish_marker.png"],"assets/images/lider_white_icon.png":["assets/images/lider_white_icon.png"],"assets/images/marker.png":["assets/images/marker.png"],"assets/images/money.png":["assets/images/money.png"],"assets/images/shop.png":["assets/images/shop.png"],"assets/images/taxi.png":["assets/images/taxi.png"],"assets/images/user.png":["assets/images/user.png"],"packages/agora_rtc_engine/assets/AgoraRtcWrapper.bundle.js":["packages/agora_rtc_engine/assets/AgoraRtcWrapper.bundle.js"]}